,0,1,2,3,4,5,6,7,8,9,10,11,12,13,etiqueta_predicha,proba_etiqueta_1,proba_etiqueta_2
0,1,70.8985619394,1.30762095191,4.49762937683,130.320913023,322.106565496,0.0591015408281,2.43425967684,109.981189572,0.465038046241,2.64513213895,2.24535468384,3.93539130245,3.92671899428,1,0.999999999981,1.89276714385e-11
1,2,67.5794412713,0.795231679687,3.02208349202,115.771093301,564.83681572,0.677730190801,2.74069493101,160.812665677,0.423715789802,2.34632744002,2.40275693592,0.56352414866,7.32213261933,1,1.0,1.51441227843e-14
2,1,57.920066827,1.08971677977,2.89583796938,124.886835202,261.75430928,0.0657702146564,0.371291597374,141.773531494,0.804604985984,0.408488328755,1.88579126634,0.485376927536,7.25941575761,2,0.0804772955664,0.919522704434
3,?,64.643419622,1.76473329868,4.66157596675,128.764679996,263.699108751,0.553289331961,0.654886806384,105.975036343,1.64075977495,0.387840224011,2.30978584127,1.42316628783,7.34221879207,1,0.999999980462,1.95375116807e-08
4,?,74.6480670138,0.314055766212,2.60352709331,120.496944346,269.991145699,0.0161177895498,2.18828549213,121.250928258,1.37767457124,0.468825540319,1.148890018,1.96671041311,3.66701440141,1,0.998655295467,0.00134470453266
5,?,65.2331460873,1.70769997337,4.50376556488,120.960751245,177.848951406,0.0144017210696,0.13802791154,140.210425404,0.173425659072,0.560950951511,1.57688149833,0.219361706404,7.52802599734,2,6.48265096825e-07,0.999999351735
6,1,56.8516580847,1.41363789514,3.12310107518,130.01089913,256.846503222,1.53934992244,2.13218005979,142.129269492,1.29937502113,0.962028512638,2.1652635457,1.14622035366,6.65152337309,2,0.143261397794,0.856738602206
7,1,59.2239323349,1.15796901193,4.50892776949,110.857405934,239.539941313,0.610317053739,2.08019628469,142.031680946,1.14200278115,1.60117264725,2.79966081725,1.15221623681,7.62810111581,2,0.00302495425109,0.996975045749
8,?,60.8577098653,1.69039390748,4.5406847964,140.25738526,293.494110046,0.397205158137,2.65848440467,170.580667,0.641707495088,1.9823732188,2.6854125713,2.21469132975,7.5061747937,2,0.00267926501497,0.997320734985
9,?,63.2617171251,0.0256541692652,4.56383535196,150.472167779,407.885758908,0.234433614882,2.01416098722,154.133840042,0.218740212964,4.88337706868,2.08956660819,3.37289675488,7.21421469306,1,0.99999999906,9.39742115263e-10
10,2,59.2686057347,1.41119799344,4.85836826894,135.569726744,234.409784225,0.683087009238,0.213016163791,161.937869353,0.592985638417,1.36169561557,2.63555055996,0.235295697814,7.58655805606,2,1.42277419923e-06,0.999998577226
11,?,53.9992753661,1.63335736189,4.41052971431,142.864410166,226.332837142,0.265642778482,2.65745485667,111.56855648,1.42248681188,0.165176149458,1.78394722473,0.24005630496,7.76838566177,1,0.999984696281,1.53037188014e-05
12,?,44.4195466803,1.10996309062,3.59461632348,140.874957073,235.809237478,0.35791721032,2.20538763842,180.401238962,0.480386107229,0.944560907315,1.61551946099,0.46395694348,3.7104068154,2,2.32791563803e-11,0.999999999977
13,1,61.4308923858,1.40514818532,1.7809700598,134.530342213,234.371418881,0.115171457175,0.0831511726137,145.025512594,0.48368171812,3.34698537495,2.21457446017,2.7028340227,3.67908148235,2,0.00128661299615,0.998713387004
14,?,57.9404680249,0.910652301274,4.14046915574,128.692815092,303.297376705,0.391509899637,2.39256646601,159.840488705,0.81559614162,0.250478591537,1.98510709242,1.08700851421,3.25010727323,2,0.00197853655995,0.99802146344
15,?,71.4903866872,0.0328512934502,4.27082032454,112.807202253,149.276262724,0.510357520776,0.0827371380292,125.29860585,0.50682519353,2.19605262522,2.56310977833,0.030661205994,3.14887073217,2,1.59879978812e-07,0.99999984012
16,1,46.6306392734,1.50264219055,4.08961445955,140.409144579,311.139880873,0.947157026734,0.991880750749,120.065240731,1.00651093153,2.07488082577,2.41063883039,2.38232164201,7.25218012976,1,0.9999999987,1.29968758544e-09
17,1,53.2008447673,1.77510232595,4.7407385828,140.753092734,203.086847237,1.14884515922,2.28393702232,155.005891323,1.2805502899,3.61151802437,3.33780024806,0.844956799177,7.89312053705,2,7.62923896758e-06,0.999992370761
18,?,64.0457086384,1.82699041697,1.80592104373,110.343839823,211.958907681,0.348288483918,2.88620567578,144.079974338,1.72633928643,2.71068727407,2.57639734657,0.78115471825,3.74218335468,2,7.46654969297e-07,0.999999253345
19,?,40.9533606842,1.54120831005,1.64719603257,140.240753537,199.059175483,0.170754866442,0.851897091139,178.674062255,1.77407604293,1.49862432652,1.88251205184,0.644489762606,7.77164675575,2,4.83457718303e-12,0.999999999995
20,?,67.4201065474,1.52347665397,4.4105017269,120.456926479,229.840824434,0.305771916173,2.18035076768,129.738272013,1.41559604811,3.15490240152,2.976113118,2.2679062034,7.31167431292,1,0.842911694116,0.157088305884
21,?,48.1730211279,1.33056806494,2.78396203811,130.327543875,245.145373129,0.392656126525,2.78683687886,180.643016481,0.585005363449,0.543054242665,2.01085739024,0.84402932995,3.52405792871,2,1.8952839298e-11,0.999999999981
22,?,43.1495574252,1.80975152412,4.18214972876,115.057791645,303.078393603,0.894414937356,0.479213471524,181.903786493,0.51538550877,1.34523154194,2.47325203498,0.953969015973,3.38098926377,2,5.76934389152e-09,0.999999994231
23,?,47.6717995005,1.25963302492,4.41672193934,112.971048532,204.021219245,0.939888664987,0.484011183726,143.489599818,0.29532865528,0.732058060728,1.32264069654,0.868554033106,3.27046314999,2,1.01600312052e-07,0.9999998984
24,2,54.5104975831,0.234878159594,2.45998561638,132.19399432,288.455117933,1.55675007217,2.51964816498,159.566695252,1.85043288278,0.495214455063,1.36178208352,1.95069471397,3.38289539865,2,0.000492705612524,0.999507294387
25,?,48.825292496,0.183921003947,3.97996384511,130.320023449,275.525455067,0.443826739676,0.867789322045,139.618725867,0.139933165163,0.417945839511,1.28168232995,0.154391794233,3.77051734272,2,0.153603246032,0.846396753968
26,?,46.508497071,0.627073918935,4.89124828624,138.26468802,243.419236579,0.435693648644,2.44498459669,152.0859559,1.70257792459,0.931203347165,2.30349195818,0.303073376417,3.67796029267,2,8.43085666484e-05,0.999915691433
27,2,51.7892449535,0.845935125137,3.92727748584,120.601480847,295.192682025,0.39021297032,2.11857927917,157.51900205,0.523504249286,1.10848281826,1.82409319445,0.161952162161,3.1150516877,2,0.000176248801012,0.999823751199
28,?,58.7448688159,1.28399908729,3.74306209479,112.599728245,230.781416148,0.664584254147,2.09159348044,165.914847921,0.417976956815,3.45080219349,2.07218821254,1.27882006182,7.05731140962,2,5.71047809039e-09,0.99999999429
29,?,71.698623833,0.993147534551,3.50592434453,110.298808618,265.50867628,1.9901187052,2.31907715043,130.15182572,0.474322630791,0.123935016803,1.9164482113,1.12411543448,3.66329524363,2,0.337319173918,0.662680826082
30,?,57.5603635071,1.5041454921,3.48956625466,128.930703961,229.584046574,0.278305609943,2.75246206601,150.939610933,0.565022301627,1.28823734294,2.93851411389,1.41860153642,7.92194202845,2,0.000236425838895,0.999763574161
31,?,66.7975082614,1.05504639563,4.18646186125,160.025733901,228.745500133,0.170559774851,2.44189522765,138.03703651,0.290899533313,2.97639566748,1.08415968739,0.520725672832,6.82391915796,1,0.661681083483,0.338318916517
32,?,37.9840999218,0.867164113326,3.59873238858,120.512781592,215.287688707,0.840276259463,0.0910476227291,170.17520594,0.625098008895,0.745483082486,1.17699326458,0.501239391742,3.6324655551,2,2.90301116479e-12,0.999999999997
33,?,59.0702728089,1.42740609683,4.14892190229,170.260373043,326.180382922,0.157422543503,2.41534601012,140.323537668,1.39776801015,4.15067186356,3.23036987358,0.113301957026,7.98038555821,1,0.999999973064,2.69360633813e-08
34,1,50.8255565776,1.906264405,4.33523554564,144.044309656,200.966967548,0.672786489362,2.02249508887,126.687899092,1.1444205076,1.54175987989,2.42360529304,0.474040283822,7.52875713469,1,0.658090931744,0.341909068256
35,?,48.4791942413,1.18305836478,4.69108369714,130.155068639,256.661203204,1.80719211116,2.87058470282,150.382517241,1.60764819733,0.708653285634,1.4146188579,2.01439210773,7.72609750368,2,0.0171832822722,0.982816717728
36,1,61.9866681073,1.9627194847,4.95747020119,140.069126165,207.701391072,0.877638587961,2.77777313604,138.897713862,1.39970092336,2.00907861288,1.87532961369,1.72838695208,7.97299133358,2,0.0377794086681,0.962220591332
37,?,59.8422885919,1.301559716,1.61096693994,160.816860929,273.366887142,0.544615787454,2.21638938366,125.990175843,0.0906399318483,0.329785381677,1.48985079676,0.93375174352,3.70648530964,1,0.999957724653,4.22753468596e-05
38,?,42.8953296163,1.38107902673,3.53148637014,130.095147773,180.27543139,0.496174202999,0.97506825719,150.684100031,0.576494049747,0.83674758696,1.36977749574,0.175692516845,3.98265677062,2,1.52606149939e-09,0.999999998474
39,2,48.7245396248,1.85677413829,4.95560522098,122.487648667,222.118948564,0.402068441268,2.67688387027,186.256516295,0.395623126766,0.981111467117,1.88503995398,0.210470948601,3.46500492445,2,1.39888101103e-14,1.0
40,1,40.6116401965,1.3857539813,4.44819113822,152.332377542,223.701913713,0.815752868308,0.580191674409,181.820772463,0.450460502878,0.13884509448,1.59569204459,0.304244093131,7.68389792158,2,1.5381695917e-10,0.999999999846
41,2,62.0333358641,0.479916343698,4.75668030605,124.378089898,209.594332909,0.338152274489,0.330637480831,163.490013637,0.1864876037,0.503108507255,1.72044648114,0.922689069062,3.33812672808,2,1.08673070542e-10,0.999999999891
42,2,44.7168645393,1.76636422845,3.70100574172,130.200929715,233.935579313,0.129511798499,0.112518760376,179.607531631,1.20441749413,1.14332472868,1.70984530868,0.0196437558625,3.57594563672,2,3.40327765969e-12,0.999999999997
43,?,46.912138016,1.39840989537,2.87140501523,101.047806435,197.433017321,1.58562784223,0.0880285464227,156.939234293,0.677014202345,0.935015240917,1.37079895986,0.0835738026071,7.90279447753,2,7.52771178725e-11,0.999999999925
44,1,59.5122824747,1.36335101607,3.02713522641,126.488543326,218.770016863,1.46693884744,0.113590509864,134.451075289,0.0680247102864,2.98943040012,2.63309208001,1.99697592133,6.06494313153,2,0.0183718393631,0.981628160637
45,?,58.2199143791,1.22315390408,3.61685885699,140.157975457,211.676697417,1.69371896377,2.19961781381,165.120004347,0.982492479263,0.00837735389359,1.13832512777,0.290449689608,3.24485363532,2,3.79307252274e-10,0.999999999621
46,?,49.0443089169,1.783318409,3.92160553858,118.627216846,149.350177441,0.56697799894,2.03201510734,126.325152964,0.958238047082,1.72785420455,1.12263553892,3.20155565487,3.07172778458,2,4.9119062473e-06,0.999995088094
47,?,44.8127134487,1.78319525672,4.68362736725,110.602009867,197.663413437,0.552201890387,2.04043036839,177.619820165,0.135106192902,0.927974215709,1.53131713299,1.32578720944,3.63804202387,2,7.32747196253e-15,1.0
48,1,66.6154882216,1.17903523147,2.81720755529,160.807170994,246.962755178,0.358054755488,0.609571735607,120.969652235,1.62345833541,0.170784529997,2.95054689934,3.19800185994,6.84922501165,1,0.999999234114,7.65885789901e-07
49,1,65.7534671414,0.662798097357,4.64772888389,150.356307246,225.542746291,0.499953789636,2.39856987679,114.078386484,0.946607133374,1.68853420299,2.67592295189,3.01429849421,7.18773891148,1,0.999998349674,1.65032574777e-06
50,?,42.4354891146,1.00293398509,4.19496429712,136.00630215,315.661014694,0.861809920054,0.732664605603,125.756525067,1.82800691528,2.29496466387,2.31532802433,0.525449610548,6.7840773249,1,0.999999853522,1.46478248068e-07
51,2,52.4448696058,1.4557523171,2.70002739783,128.432145011,205.088941484,1.84090864658,0.357186904177,184.203330102,0.259412031621,0.80285704229,1.88964942051,0.274755432503,3.16809601942,2,1.55431223448e-15,1.0
52,2,65.0334655419,0.241460971767,3.63337975997,140.099650139,417.653252487,1.42976212595,2.24370233668,157.586127869,0.857592679327,1.59947196785,1.7910140485,1.64850861626,3.60182139021,1,0.999998902935,1.09706533291e-06
53,2,63.6911468059,0.669334004866,2.34496409539,140.202087391,195.931770885,0.478358000983,0.344831018941,179.866913836,0.187306765001,0.334050924284,1.34722039895,2.58574931533,3.13611601619,2,1.17461596005e-13,1.0
54,?,45.6517316897,0.8845913962,2.39491272345,130.42970387,234.81102283,0.298647310585,2.09330074652,175.911335421,0.796255505644,1.13520219214,2.78640152235,0.405320314458,3.29663268127,2,2.85227397256e-11,0.999999999971
55,2,41.6408788243,0.600608088775,2.75872559822,105.347507734,198.906665284,0.652538504452,0.567379501648,168.997573371,0.880724141374,0.971476153471,1.07331837132,1.91442738986,3.9469108223,2,1.62092561595e-13,1.0
56,1,61.9727957172,1.87248056149,4.90345048672,138.726369013,166.428750694,0.571517550154,2.81156831817,125.060579939,1.87666525063,4.08529540934,2.11005504336,1.52688392438,3.73232175293,2,0.00482512964406,0.995174870356
57,?,60.2154898078,0.718052518088,3.75687899673,120.31882873,178.628223696,1.31293092528,0.0887364761438,96.6919109258,0.849874297157,0.221419042908,1.72275875765,0.392630406423,3.24723604275,1,0.964227098065,0.0357729019352
58,1,59.086000117,0.771418805467,4.2944086222,174.527985442,249.514191935,0.228451773757,0.392574366415,143.933319381,1.05645481194,0.0479192372877,2.42217989219,0.209002753254,3.74401279842,1,0.627713800667,0.372286199333
59,1,62.5972444015,1.225114692,2.94307380728,120.071350314,281.581429992,0.0584231868852,2.40694112796,103.53174834,0.282715311274,2.31354365437,2.71465474716,1.29442408308,7.42999214469,1,0.99999999789,2.1103183321e-09
60,2,57.7539425306,1.53553599445,3.37532831333,150.39401905,126.709204192,1.4969587985,0.185590677895,173.87182469,0.897057896247,1.04881886491,1.7392602386,1.44622692536,7.94739461574,2,1.1990408666e-14,1.0
61,?,51.4423615637,0.0647804620676,4.58417883306,130.176229677,305.437546754,0.721631644526,0.741311597638,142.262801246,1.13549036928,1.88808802683,2.77092925436,0.116849238286,7.59072464844,1,0.995178795088,0.0048212049119
62,2,44.9102468693,1.87715906091,3.19083074643,120.058108409,226.439543585,0.824494149303,0.847203015583,169.897149303,0.660772243515,0.884387497324,1.94167291746,0.800449037692,3.47601369745,2,3.60320662196e-11,0.999999999964
63,2,60.1400981022,0.180683602812,1.31699073385,150.924195146,240.230437089,0.616622895934,0.561046969844,171.62349179,0.54634737107,1.37396590677,1.79147158726,0.383888745215,3.63890829566,2,4.68703298395e-09,0.999999995313
64,?,63.14194836,1.4809835488,1.3159279169,145.999573869,233.063163544,1.23818753613,2.23205180769,150.375388941,0.981259937165,2.79048308749,3.59212334501,0.890464351745,6.41744061885,2,0.00137866987624,0.998621330124
65,1,57.8498135242,1.90936997905,4.68369380292,150.260217915,276.332591424,0.0883623484988,2.87650021818,112.216965889,1.47050636844,1.57874203906,2.6113795659,1.05264605139,6.09367669187,1,0.999999997101,2.89865028698e-09
66,?,51.807092678,1.22399128205,4.4837837813,140.305908999,261.567494433,0.882841418963,2.31293591275,186.385335332,1.75797016686,0.166418716777,1.35794531391,0.755717700813,3.48500416009,2,7.57518492378e-11,0.999999999924
67,?,58.7868374744,0.175596620655,2.39793702029,136.724039539,319.778291692,1.2392574288,2.1386155691,152.920354849,0.166515183402,0.83294892963,1.35496942792,2.12731501227,3.49361329922,1,0.658739565891,0.341260434109
68,?,44.2753075256,0.506033533253,3.85852813022,118.392670135,242.62596101,0.437887803419,0.117813348304,149.81233657,0.446402940201,0.389014682919,2.52495449269,1.35683426424,3.17981812847,2,5.42297934358e-06,0.999994577021
69,?,47.8032774299,1.68356657657,3.5510063516,108.276718935,243.305703047,0.408717201557,0.724105768139,152.558370549,0.980782303726,0.245970587013,1.0401782582,0.15842360747,3.18505529524,2,8.95578129434e-08,0.999999910442
70,1,61.5983233391,1.88967348984,4.14466933068,120.050977342,260.44387184,0.243134974735,0.906574587571,140.787498088,1.47947889264,3.92126901555,2.4261012869,1.02657006495,7.82282914338,2,0.42995656893,0.57004343107
71,2,57.1336950734,0.166947683552,4.94633710245,120.061960195,354.698012457,0.999749943381,0.664478461724,163.054219666,1.33145101299,1.18753609098,1.12811485725,0.488708272111,3.43488543201,2,0.0723920757541,0.927607924246
72,2,70.5405778559,1.20118985907,2.87964608124,156.385476961,245.819238076,0.169243362034,2.37910105125,143.847834868,0.351880892646,0.797895580065,1.81025838433,0.588696706807,3.94239882217,2,0.0643741298725,0.935625870127
73,?,76.9711282211,0.71661990718,3.10916757118,140.612396151,197.149564103,0.00236315140501,1.35646232544,116.101901862,0.32455959823,1.40856179423,2.46294780658,0.2279628166,3.97848064266,1,0.724412042218,0.275587957782
74,2,67.3902919271,0.673484430183,4.16265380825,106.542048833,223.502368772,0.713954923907,0.990034669405,142.516398799,0.318367128493,1.26201024321,1.305114961,2.09808690776,3.88930917531,2,4.61343449509e-06,0.999995386566
75,1,45.2148642468,1.01698790188,4.44046501606,142.359264927,309.057235281,0.281783920247,2.15942006069,147.309314832,1.2467319353,0.264916280052,2.89731311449,3.17200099933,7.57880360656,1,0.999795672548,0.00020432745225
76,?,45.805590326,1.24803970661,4.51957425545,104.029344748,208.679749602,0.360712968744,2.48363542021,148.997702013,1.4055829288,3.190694266,2.10952214571,0.421090978198,3.92437465698,2,1.78685258811e-08,0.999999982131
77,?,39.3420872162,0.662676474079,3.0684753994,94.5705417639,199.027601205,0.229517924134,0.235852439189,179.473080866,0.583811774384,0.443675634218,1.88614805019,0.960140668089,3.33882404305,2,0.0,1.0
78,2,42.4911884763,0.848779881839,3.82828388596,120.766020505,209.609796417,0.971625822596,0.674475584179,173.183775931,0.511604062514,0.798393421806,2.12323761219,0.462529831566,3.24385809503,2,3.81916720471e-13,1.0
79,2,56.4723153319,1.07215333637,2.40051886044,120.703440048,236.93728125,0.175996856764,0.266038725618,178.554722493,0.0510346328374,1.31174396882,1.43405458727,0.560111081926,3.27574656159,2,9.31033028451e-13,0.999999999999
80,1,58.581089959,1.66981179174,4.73046380561,146.002831473,218.663535104,0.0631470931694,0.722388179041,105.102828622,0.789237692254,2.18944133981,2.84379062266,1.54347949498,7.80275382916,1,0.999999769848,2.30152309973e-07
81,1,35.0682800442,1.94392330642,4.22336720885,120.029844656,198.162502628,0.774659032468,0.517138025025,130.383530571,1.27402481623,1.63857567394,2.33489387482,0.175168245332,7.50896936189,2,0.00248678741828,0.997513212582
82,1,58.3205891741,1.3905256968,4.78498355532,150.263116631,270.388177022,0.23174673086,2.91344075929,111.930229357,1.42053523986,1.45141675901,1.81937018293,0.413365145447,7.80275869207,1,0.999999994683,5.31685763018e-09
83,?,41.2845896601,1.67778403754,3.08209533221,130.12509825,214.947058351,0.882602129132,2.0116020923,168.082379116,0.318733297987,2.04801792698,2.79954229016,0.743549447972,3.84306173376,2,1.8649592981e-10,0.999999999814
84,2,57.9401004282,1.90719304467,4.14642657456,110.141101001,201.129728176,0.997252332745,0.0376725315582,126.096585041,1.02121314663,2.02400266263,2.22902637464,0.524156912463,6.66928628576,2,0.00374623408423,0.996253765916
85,?,42.2738289265,1.78895375482,1.26882258058,148.470231672,244.239666098,0.261304564541,2.88468343229,178.379574945,0.485466500046,0.929692361923,1.97797222272,2.66000520042,3.87633451819,2,4.97141083855e-09,0.999999995029
86,2,62.8478317305,1.41409513354,2.86854926706,128.799735569,208.317941869,1.2310383243,2.44253577385,140.42909984,0.41901811189,0.88536902098,1.01914800284,0.642610919429,3.23374325945,2,7.10437095031e-06,0.999992895629
87,?,59.3329196877,1.63581062295,1.57086173142,178.501853351,270.995429916,0.116543801501,2.61399020115,145.397197901,0.816005911911,4.42106073028,3.40384236141,0.128461480606,7.29637851729,1,0.999199343844,0.000800656156303
88,2,41.5998797284,0.859009826789,2.23483121977,126.965308449,306.189494216,0.333398781484,0.661150386557,163.167384493,0.110879730899,0.950366816018,1.97188499104,0.257488241186,3.07258712733,2,7.5153374212e-05,0.999924846626
89,?,50.5039883412,1.77129795868,4.14631042606,150.341166553,243.932305548,0.468990709167,2.09747172054,128.880133362,0.197038879618,3.05329809235,2.73611644353,0.837806546129,7.095947986,1,0.9990860018,0.000913998200215
90,2,59.4318635832,1.32985881809,2.82785839844,140.577117365,221.837253574,0.252235989552,0.772093659034,164.43680817,1.67809753027,0.332736315206,1.93978688633,0.968723776285,3.56834548479,2,9.15085685005e-09,0.999999990849
91,1,61.9569570031,0.863647358958,4.81609173119,130.400202982,330.666725775,0.582683554152,2.0187279284,169.098808618,0.445735758403,0.822478687158,1.83784280228,0.91196117457,3.86075954488,2,0.00214473439515,0.997855265605
92,?,54.2680673688,1.43673158134,4.83565423568,124.661044618,266.406886593,0.956702567637,2.76666133851,109.791655915,1.46054616803,2.44380429182,2.54953727755,1.7770241031,7.25487254304,1,0.999999937295,6.27050877697e-08
93,1,54.0737305637,1.50470206118,4.11407693732,110.446523032,206.803525698,0.895910779247,2.54151474568,108.754674799,1.66095601744,0.699996656273,2.83688846231,1.02733902517,3.11496579251,1,0.890914198702,0.109085801298
94,1,52.5026860933,1.39103756542,4.78433530685,125.956505257,212.665464412,0.220478207571,0.127093500225,168.012378092,0.116789403139,1.56782961776,1.85896650748,2.04611259908,7.37886102055,2,2.04981165375e-09,0.99999999795
95,?,47.8448029319,1.87805102859,4.43633710407,110.410563778,275.370080258,0.22329937527,2.95794771961,118.078257095,1.68984066066,1.11720704637,2.49211322633,1.17394413473,3.19205582608,1,0.999696500424,0.000303499575835
96,?,66.2624456745,1.18792732572,4.19135795394,120.353023833,302.20295486,0.989456634503,2.43502321886,151.790536561,0.232140326174,0.577985296817,2.86227843491,0.842866402119,3.8794344312,2,0.033569878097,0.966430121903
97,?,58.4337939145,1.30409531854,4.64545910689,100.989810706,234.527294236,0.829809812363,0.165898302803,156.191484212,0.309518998722,0.933339865087,1.05857705628,1.24318459816,7.5761647597,2,8.01854393995e-08,0.999999919815
98,2,64.4758279752,0.187153941486,3.77577699651,140.089757219,313.826278778,0.011434774613,0.989926105365,133.003520455,0.797960556578,1.04953957773,1.50868432596,0.0302295004949,7.47007818148,1,0.999991208628,8.79137170832e-06
99,2,50.3076258679,0.228779736906,2.99895839114,120.57444943,244.047163116,0.382302716374,0.679650155362,162.995836332,0.534024542198,1.24688281831,1.77080374048,0.178443230223,3.70953530236,2,5.73648351043e-09,0.999999994264
100,2,44.4332863423,0.379060719162,3.52734348224,108.538721493,141.056351329,0.0946857973468,0.0404430199414,175.52504112,0.922712297412,1.46637731944,2.83747318294,0.973457468906,3.32205823017,2,0.0,1.0
101,?,67.0968120478,1.465471918,4.59755879571,120.99190721,237.201004273,0.397482379572,0.843024406116,71.5499693595,0.514613309409,1.92737051216,2.3780365556,0.703740418423,3.52467640443,1,0.999999999994,6.03275020267e-12
102,2,49.9534003241,0.996682007331,4.24478623876,130.960837975,269.673261503,0.391104242764,0.324043252738,163.149237721,0.780406690668,0.57758908323,1.32104117866,0.867090884363,3.26824952336,2,2.10673496037e-06,0.999997893265
103,?,57.7480755304,1.77817496634,4.59467554535,165.523069608,289.827366086,1.56354232831,2.70992599358,124.955969065,0.215999868698,1.3318704043,2.39741615765,3.04428856471,7.3487301725,1,0.999999997357,2.64276300464e-09
104,1,63.2432455895,1.14210637542,4.82910352875,130.113006588,254.132679599,0.0209227222949,2.51109971432,147.035719661,0.0730166430585,1.46595111568,2.52929899073,1.25586970127,7.29021050571,2,0.0356210122925,0.964378987708
105,?,48.1598838847,1.85185326892,4.81294150208,124.428847237,274.744398444,0.956464021467,2.07941156579,166.426796427,0.548685497837,1.34077254357,2.21510630497,0.126448081341,7.13984847791,2,7.47825614422e-06,0.999992521744
106,2,51.3354093877,1.89288600953,3.97965239198,100.412990548,222.247791962,0.388124946039,0.132903005695,143.203493259,1.22023477964,1.47425131295,2.30926572648,0.971188223688,3.75165366358,2,8.66144516443e-07,0.999999133855
107,1,60.2900709314,0.987762140576,4.17100752331,150.838855954,258.59133042,0.600661452627,2.06682857336,157.39796061,0.689064088976,3.42113686623,2.10643512988,2.65311753447,7.41248727101,2,0.0475422500485,0.952457749951
108,?,59.6312885671,1.32185832341,4.34836320323,140.123526026,177.67119789,0.966357107274,0.240419667913,162.034356322,1.82125257375,0.161269251956,1.13385845767,1.1829569221,7.66692090454,2,8.74503358617e-10,0.999999999125
109,2,45.6781417106,0.0835260185413,2.9784794359,112.234442648,160.378134569,0.477325757965,0.715291012777,138.927608757,0.740151442122,0.931473891949,2.25383305177,0.881963098887,3.62968570739,2,1.78693881914e-09,0.999999998213
110,?,55.5920827126,0.0725808008574,4.91954418132,180.714133141,327.793406621,0.938103496563,1.24732003803,117.67594106,1.99023421109,4.37479872196,2.60333116376,0.357882566983,3.53070953232,1,0.999999999998,2.42724027321e-12
111,?,41.8068403604,1.27597250673,2.48584926361,110.096743666,235.535562558,0.507061039098,0.312753838254,153.160854511,0.163005588111,0.433655177476,1.53915784485,0.341883684974,3.51070545148,2,2.62595918343e-08,0.99999997374
112,?,60.6696232758,0.0322909792885,4.3219135399,158.844113838,305.649691053,0.146358459024,2.75285096816,161.866644967,0.810520724626,0.943596926518,1.0250069825,0.543567095418,3.51080988441,2,0.0653985928147,0.934601407185
113,?,54.1974141011,0.267457770184,3.44686225406,135.564140582,304.590052965,1.45767660649,0.696098982356,170.655166261,0.918055170681,0.520898222225,1.0788764609,0.0314272304531,3.51302540442,2,5.45174042677e-06,0.99999454826
114,2,42.5270519506,1.3927852225,2.54023349425,120.754880932,295.973039953,0.847885561874,0.0250175809488,162.60986169,0.320952839917,0.349524004618,1.01052374532,0.317286532372,3.98528311565,2,1.06094731253e-05,0.999989390527
115,?,49.2131938618,0.829508607974,2.33606450353,134.398361864,271.491603025,0.513267376693,0.420178150525,162.956291261,0.972837760113,0.645220191684,2.83489438985,0.918017903576,3.4396101716,2,7.02752671145e-06,0.999992972473
116,?,46.2590474552,1.91395228263,4.20794269047,120.184080121,249.51661038,0.716207683552,2.5932594412,144.59506621,0.484535748605,1.15267484235,1.31461784244,0.0645430984441,7.73454767256,2,0.00329922218313,0.996700777817
117,1,56.7772396726,0.267753421562,4.9885194141,200.360362933,288.234239561,1.0558556274,2.93321862817,133.174083293,1.95658425102,4.75403618999,3.71252560709,2.12317440053,7.7788462087,1,0.999999999776,2.23831231847e-10
118,?,66.3081767058,0.600384080317,1.00096928934,150.015726449,226.461434543,0.726165337255,0.63341534324,114.314367943,0.0513050812297,3.47330579385,3.88675070787,0.369757232955,3.95327193779,1,0.999570684998,0.000429315002076
119,1,56.981544819,1.66586525808,4.82646762533,130.10659316,283.956981935,1.17549223825,2.59244983178,103.911299377,1.77336398768,1.89879569262,3.19868405117,0.178209983977,7.44303502887,1,0.999999999659,3.40957269309e-10
120,?,49.7917488269,1.70289254957,3.29667189671,120.918747402,188.770425235,0.500987348612,0.817097173072,139.26191247,0.23774549854,2.34925863845,2.89487417834,3.29972102004,7.48616911448,2,0.000145470747403,0.999854529253
121,?,54.1411388768,1.79461190687,4.26606320636,122.11986905,286.049498917,0.714189591119,2.32190082059,116.950372969,1.23297894862,3.51050293194,2.99266976351,2.00348761026,3.52411722788,1,0.999998404626,1.59537370894e-06
122,1,57.0098787427,1.50606470625,4.12416534638,152.226653872,274.042913629,0.741568212863,0.68703161669,88.3286020653,1.39383908059,1.76985622621,2.83833397436,1.91839697165,7.31809753203,1,1.0,1.06790698417e-14
123,?,65.2298372407,0.550634906162,3.01761029265,160.635509096,360.210769282,0.305413157679,2.03660859074,151.721476344,0.636231018696,1.4602162784,1.45818070346,0.649949837476,3.53726716875,1,0.999970672764,2.93272357229e-05
124,?,54.9571984049,1.78843299276,3.39513635146,125.64613072,273.253190102,0.505888372194,2.09837853932,152.81614672,0.127567424206,0.675823248224,3.55828540446,1.46762106987,3.24247175525,2,0.0010843027606,0.998915697239
125,2,54.6314668877,0.209034235915,3.34424157697,160.652265789,201.748694491,0.771675998345,0.878986391472,163.03900147,0.65949341259,0.725202860544,1.18371291854,1.22337499773,3.41940982803,2,1.25652975802e-08,0.999999987435
126,?,62.1842335169,1.64891418978,4.71789089846,120.615939847,267.414182135,0.843074605102,0.0848757093772,99.3460420347,1.02144127968,1.81085428288,2.24460735871,2.9691532643,7.70381313306,1,0.999999999634,3.66029609692e-10
127,2,52.6005016351,0.43602222763,3.29824161623,136.177114877,196.857489106,0.133448486449,2.78848395008,169.592951131,0.777069726028,0.213147602649,2.58076595515,0.391198703088,3.64971861336,2,7.87103715538e-12,0.999999999992
128,?,52.075366958,1.77850803081,2.64059287542,134.065827825,201.861576914,0.330552385654,0.466039750725,158.353957439,0.925411629258,0.956048280653,1.78367911,1.50438377052,3.43565175543,2,4.14907130875e-09,0.999999995851
129,1,60.0513531193,1.90799652063,4.62873988412,117.057587163,230.961747279,1.60006082896,0.214459482813,160.426262187,1.92416613433,2.1002933987,1.91137819085,2.53789872932,7.1160998405,2,5.75603903208e-07,0.999999424396
130,?,63.2138636233,0.946003187215,4.96840018174,108.281307529,269.743797651,0.615497922292,0.606735564535,169.150995508,1.27384398715,2.07082976513,2.11390195577,2.12474871217,3.96226098062,2,4.07205956732e-08,0.999999959279
131,?,66.1016703674,1.33078938234,4.70089331456,112.463734129,212.918052592,0.316619375022,2.73825757694,132.929802314,1.75583361601,0.432661259687,1.26677852334,1.73294362845,3.83609300153,2,0.000481283171438,0.999518716829
132,?,42.0556561151,1.19493002654,4.73322633491,140.191242955,226.28345718,0.958564405562,0.820539520821,178.579699342,0.265539067797,0.723101133248,1.32516370132,0.279118328355,3.67176776659,2,8.12727662947e-12,0.999999999992
133,1,64.3781436454,1.00059210719,4.38748590881,120.477593529,246.868256508,0.649032516871,2.63280432275,96.5054843058,1.89832830406,2.37359884409,3.1369124027,1.41898848279,3.85029282235,1,0.999999952915,4.70849183922e-08
134,2,54.9612153203,1.78711521579,3.69428747334,150.974932871,232.321400373,0.380283242324,2.85329356091,165.671891305,0.474982371554,1.90043811491,1.86403716961,0.518090663245,7.43742940086,2,2.49632390292e-06,0.999997503676
135,?,46.7608927372,0.531087209238,3.22332333145,142.907192631,177.154350043,0.0926755846012,2.55083005852,160.320925814,1.6620006056,2.0721498603,3.70031546871,0.453259382164,3.9580262932,2,4.53844961612e-10,0.999999999546
136,2,67.9977122438,0.318523849128,3.48269921588,152.288721665,277.666758745,0.362007600255,0.642964067403,172.781680024,0.400498577859,0.146726445993,1.91404055525,1.15951042343,3.44642845565,2,2.24983518216e-06,0.999997750165
137,1,56.0664643999,1.97477341699,4.85679932171,125.471355001,249.22534131,1.14065608731,2.22264304431,144.201941731,1.85382178659,1.34109333232,2.00802600407,1.84464995307,3.99040276674,2,0.0068031311105,0.993196868889
138,2,34.3024709057,0.886432096362,2.15767617174,118.976961402,210.775796573,0.837862297893,0.96052052523,192.256517632,0.689348097891,1.5195177766,1.0189509436,0.713797074277,3.45216551097,2,0.0,1.0
139,2,57.0310034899,1.910733809,4.91002902458,132.908599204,207.852913124,0.785579643445,0.581907678861,168.94842836,1.71043611527,0.0213598522823,1.74437534693,0.29965146468,7.5221948626,2,5.9181659573e-10,0.999999999408
140,?,64.170299659,1.90124137513,4.72760972707,145.620143539,212.276664483,0.321596427355,2.26828432363,132.692635057,0.206411786843,2.20723742829,2.84868304175,2.83819817821,6.72378967935,1,0.81573702839,0.18426297161
141,?,59.3151898067,1.3991322855,4.97240442573,138.942248109,271.865665652,0.209236147581,2.52042951481,182.399984872,0.702124439646,0.39942706516,1.66562015796,0.0868389660027,3.11490626936,2,9.82098402602e-10,0.999999999018
142,?,50.6450739305,1.40983518213,3.23401506315,140.122873254,233.480842922,0.687692639651,0.168984074378,163.575650445,0.41251055547,1.28419544911,2.30063835997,1.1879152765,7.97227671486,2,1.85110099871e-06,0.999998148899
143,?,51.9019750939,1.08124572923,1.10632228735,125.326913488,213.977379247,0.682508951752,2.47046975675,125.925080702,1.42551452923,1.60158552192,1.57075526309,1.82558580837,3.15060311719,2,0.0326050756105,0.967394924389
144,?,54.1243666792,1.96812750981,2.5754775831,192.019916981,283.296242417,0.428834632505,2.4242517848,195.86685855,0.500516077504,0.860335245496,1.04215434799,1.84140566131,7.05884761154,2,1.51493231049e-06,0.999998485068
145,?,53.9090647039,1.43920251587,4.55610395502,123.623295856,282.320573606,0.685541064478,0.524375866633,95.8619566571,1.27157311281,2.5247419076,2.80103636044,2.12740703719,7.70782290935,1,0.999999999993,6.50745506456e-12
146,1,52.6938440835,1.24149379041,4.84667970194,112.906115171,230.428533295,0.782969427528,0.889391646953,160.94367189,0.785476390505,0.761252937373,1.15421342361,1.87466175831,3.7907480828,2,4.97161645185e-09,0.999999995028
147,?,40.5380471442,1.43305901997,4.43168407935,110.046153198,167.282762637,0.229699842166,2.28917310829,114.627368285,1.83319004602,2.7961939869,2.25114942668,0.171890910715,7.77524214797,2,0.0259703768365,0.974029623163
148,?,58.7366089006,1.39669092465,3.19490672764,132.099419517,224.074722778,0.534671078436,2.90743658156,173.909283167,0.403374700807,4.10182749834,1.86630651262,2.09564544633,7.2464759252,2,2.75375411363e-09,0.999999997246
149,?,41.5502610349,0.26098123868,3.05456045922,112.710526813,268.234614476,0.892479982926,2.35928101372,172.489860824,1.36225416907,0.568674483104,1.58664410026,0.930802691961,3.62300325092,2,1.31288113714e-09,0.999999998687
150,2,41.2416454693,1.83912877296,3.47848339239,112.56625096,250.404722946,0.297120190458,0.435831740964,179.815316726,0.821891082218,0.816425580299,1.17703950638,0.467398256762,3.85735514225,2,2.33346675316e-12,0.999999999998
151,?,50.4081207812,0.168937036069,3.37974051712,120.104282647,219.922688368,0.0751337301917,0.0819505515974,158.474376574,0.580466546817,1.68427464869,2.49355171062,0.94012738415,3.34360374021,2,3.44428863208e-09,0.999999996556
152,2,54.9146989658,0.175452390919,3.16239208262,108.304337865,267.182124662,0.398377767066,2.81435735384,167.201325956,0.544813064393,0.14194440376,1.11004379555,0.11738996231,3.09893639665,2,1.6537669012e-09,0.999999998346
153,2,64.52760783,0.579001578735,4.0677925155,130.121473356,303.354067483,0.741915450664,0.106380400481,122.858978285,0.859375061002,2.28220887412,2.12698517065,2.49531241623,3.86748482147,1,0.999998603699,1.39630101628e-06
154,?,51.6878820714,0.195286749396,3.70527929836,130.821841809,256.818894317,0.699941324769,2.61199231772,149.802477921,0.523958222242,0.834627020173,1.48936407827,0.0346295936033,3.6060932721,2,0.000119295381077,0.999880704619
155,?,46.2467964627,0.134773488855,2.09357916284,105.059811704,204.833197291,0.363741740817,0.112956275931,172.14140068,0.632736595348,0.292267147684,1.88358198991,0.216076595476,3.15467348485,2,7.9936057773e-15,1.0
156,?,55.9611963008,1.26905185101,4.87588848011,140.234592039,217.469983274,0.425197508652,0.593038392486,111.738125878,1.67268678336,6.46575557571,3.48382464773,0.471233215649,7.58829104155,1,0.999983935415,1.60645849358e-05
157,?,45.07504158,1.95597604499,2.89544387767,128.662740356,308.08841223,0.827402726049,2.0150481232,170.323496167,0.981956873788,0.193995269015,1.44389262237,0.410952699604,3.35655551683,2,9.74192819614e-06,0.999990258072
158,2,56.9309654932,1.67809575144,1.09242266114,120.794617407,193.51265328,0.418447765289,2.30816723686,162.691539482,0.817075395724,2.50211982089,2.41037597507,0.734897976974,7.86711523356,2,3.04051006594e-10,0.999999999696
159,?,66.6482817028,0.736390230013,4.80434114463,178.543592813,228.041635219,1.43093800405,0.0589167629369,165.99782958,1.28361690184,1.37930185883,2.24123871815,2.50465200609,7.81859748787,2,0.000540859321947,0.999459140678
160,?,38.3727751458,1.73587154062,1.44049526681,120.412828327,231.960030286,0.492388887098,0.163632836891,182.351085713,1.07594548352,4.14533839603,2.9314432072,0.0932929636911,7.86275866441,2,4.55924187293e-12,0.999999999995
161,?,62.0297543996,0.886202095775,4.36440850026,150.583787338,244.910784691,0.516999083338,0.452374287648,154.540952915,1.45325509342,2.36429114859,2.74248770671,0.540918379091,3.49267006293,2,0.00024440856863,0.999755591431
162,?,55.7255622032,1.16208404605,2.03545610537,130.807100914,262.836059256,0.512624491472,0.0329089590814,155.130692875,0.602298881393,0.6195550228,1.01734994957,0.46409001993,3.37042346643,2,1.17986260847e-05,0.999988201374
163,1,58.8725982837,1.07321764575,4.93516168534,128.314591352,259.976202659,0.193202975439,2.20250772568,130.283272106,1.62852660869,3.56783637498,2.08126169839,2.0187589461,7.92182075931,1,0.99916255584,0.000837444159899
164,?,43.709404689,1.94554511621,4.39129783073,110.564604034,211.276202115,0.701450556749,0.375213238411,161.879371603,0.862925782101,0.238856771495,1.78651088569,0.055817367509,7.28335618158,2,3.80580900128e-10,0.999999999619
165,?,64.0894973716,0.78561831289,4.93762037111,180.722657309,325.917219937,0.64868050837,0.728310069302,154.452364566,1.40774856671,0.0620659624692,1.88051336398,0.835769146914,3.67611597339,1,0.999699861735,0.000300138264845
166,2,50.1897837063,0.958907951135,4.49859196995,110.860687433,254.980986881,0.721361087868,2.26799153863,159.736140015,0.794996711658,0.0170191717334,1.75708440458,0.805615900084,3.06131524197,2,6.18389703888e-08,0.999999938161
167,?,53.0559062446,1.03468350996,3.94262685766,130.841844237,197.233512524,1.3714445252,2.74877018784,152.586039899,0.487051131204,1.51055744388,3.12387324451,0.051680598408,3.40890286653,2,1.32343698223e-08,0.999999986766
168,?,45.7078187261,0.538424855564,4.20995597751,138.538195212,236.481932547,0.184372628806,2.46300535509,152.104636862,1.22271693731,1.19804751785,2.48016899335,0.556994768558,3.28313070862,2,2.52503945884e-05,0.999974749605
169,?,65.4105649206,1.05475286604,1.72443553479,138.164012368,282.174781765,1.08077499899,2.19919650024,174.741703345,0.972405220382,1.62845182847,2.28683856409,1.95044068433,3.10945000476,2,4.30301501098e-07,0.999999569698
170,2,69.4193897729,1.71373906871,1.63954610564,160.877908404,234.121330545,1.97608886543,2.26015927899,131.358820513,0.326164353406,0.416585141234,2.91638832772,1.41647139098,3.22506702202,1,0.918640450114,0.0813595498864
171,1,69.0401802124,1.62450687913,3.41946415813,140.213397214,254.608974023,0.173626895063,2.63285455271,146.772836771,0.772854583105,2.01026164158,2.27754127258,3.71639031381,7.33572107391,1,0.673144261627,0.326855738373
172,1,67.4706081105,1.45646492275,4.12013280834,100.188358694,299.140852504,0.04808713682,2.30964586861,125.315627779,1.77838721545,1.36627801447,2.72387615428,2.88289334974,3.08412084565,1,0.999576706084,0.000423293916109
173,2,68.1144543199,0.317601169925,3.58017055597,120.659500754,211.420936944,0.0695737304632,2.88575269468,115.168610527,0.831892454997,2.46058287867,2.01734257629,0.314610677538,3.0487274332,1,0.526488213152,0.473511786848
174,2,34.4623972126,1.03859890671,1.81400338048,118.447744098,182.133028714,0.121534998063,2.9789629085,174.568947255,0.789141205372,0.759151505539,1.06977331871,0.236170620658,3.34274503868,2,1.55431223448e-15,1.0
175,1,62.5726841048,0.336656055879,4.53458020231,138.766791472,294.183767954,1.49768371182,0.284913559444,106.077610549,0.758559678216,1.91796425157,2.46061613155,3.85410530795,3.41710956441,1,0.999999999839,1.60826085418e-10
176,1,51.9224326804,1.67894234555,4.22060667491,140.427268197,298.994162747,0.165531242732,0.355582890799,122.230027177,1.94445745018,5.19400913413,2.47314492101,3.41652430501,7.57335461024,1,0.999999997628,2.37208949628e-09
177,?,46.5146802762,1.37258998072,3.79503120598,150.392316755,231.601215076,0.315667741699,0.70199190313,147.64458087,0.192916335771,4.50579943778,2.99879600317,0.910028384533,3.69005796872,2,0.00190929420851,0.998090705791
178,1,67.6638361972,1.10079693585,4.538615064,125.99021135,254.885308998,1.93389397603,0.19395080884,163.068757775,0.470141267637,0.495056009432,2.94999759994,2.53548165294,7.29541746154,2,1.36110052542e-05,0.999986388995
179,?,50.5285855185,1.79310729192,3.37363507459,129.442904224,196.499042451,0.47405632236,0.0521793668158,163.519887325,0.312657550909,0.982399717905,1.15817168704,0.344744035741,3.52436042693,2,1.98399074947e-11,0.99999999998
180,?,42.0588967931,1.17237893818,3.3504483006,120.105406963,240.54233136,1.9700233324,0.146866943687,194.871306239,0.197926718509,1.4852764592,3.74848212698,0.0548397873063,7.88838367537,2,2.53130849615e-14,1.0
181,?,56.1304731567,0.0903817170765,4.68788323319,134.301071634,409.544049471,0.422706204467,2.38629959407,150.902478393,1.41817742051,2.60463475911,2.63785466412,2.61126185162,7.64983034902,1,0.999999997531,2.46887903569e-09
182,?,41.7725867713,1.34673471958,4.84794656606,110.46423331,172.842265837,0.750571882119,2.99198860233,158.701631814,0.869864808396,0.335918636993,1.76671198732,0.438875134569,7.42761647771,2,1.54121160278e-11,0.999999999985
183,2,42.6149491877,0.838704308495,4.95998970978,102.075589086,265.088526637,0.96078701946,2.86300756363,122.454817465,0.704249866772,0.793984324345,2.54580657044,0.070606312016,3.34909303649,1,0.833816235712,0.166183764288
184,?,53.3666454193,1.83091898356,3.67128195614,130.272660648,246.241679541,1.53424660582,2.54346254072,173.253251167,0.865040291101,0.0575974795502,1.06271735579,3.69762660167,3.79402688704,2,9.40314126563e-09,0.999999990597
185,?,43.8851973126,1.13091687462,3.78917854046,130.133818871,315.463702472,0.290733637521,0.176328699104,162.075535064,0.699785035569,2.42732722973,1.3176617967,1.34297242365,3.85302173696,2,0.00710716332342,0.992892836677
186,1,56.9148483058,1.04500072589,4.1563217924,132.694496609,184.880731592,0.880212260177,2.72214631061,105.30308002,1.67229038593,2.34706175434,2.95373540628,1.32062595035,6.1300668139,1,0.998985424675,0.00101457532525
187,2,52.9374846232,1.66997663234,4.91082187113,108.350224635,233.346778051,1.10169029352,0.361061716219,147.557984483,0.774688537465,0.412114467146,1.8334907738,3.2939332556,7.50735719875,2,0.00014984298522,0.999850157015
188,2,62.3324100187,0.571150240488,4.62904742663,140.626340117,394.577884993,0.813229720807,2.34127534274,157.602776085,0.898857124383,2.09629207063,2.936917871,0.324245618656,3.50126363244,1,0.999966253088,3.37469117818e-05
189,?,70.3695039591,1.35569195286,3.51287000999,160.376505863,269.366552936,0.980360382702,0.860000013607,112.662365264,1.25235430268,3.17941049682,2.90413200855,1.07850559382,7.55246446235,1,0.999999998731,1.26877553251e-09
190,2,54.5953228513,1.79720856296,4.47426549019,140.358424952,239.04277265,0.818612882402,0.183225446614,160.13045416,0.454183771508,2.19090887909,1.50174959307,0.807707743486,3.53952250374,2,8.95625730579e-07,0.999999104374
191,1,70.3582249093,1.6005443288,4.7771342725,145.845837139,174.694929177,0.897335635033,0.0598127059639,125.456573078,1.70612411224,3.43497709176,3.76688590995,0.913492810447,7.64813939016,2,0.263230250648,0.736769749352
192,2,54.024312136,1.88848771132,2.56654936634,108.732403423,309.051677079,0.507803370012,0.672549716663,156.615640314,0.367918706732,0.152616982581,1.43599108374,0.770178992534,7.20678335731,2,0.00453386440596,0.995466135594
193,1,35.6363243049,1.2013254019,4.37496508914,126.711802587,282.970567744,0.980793544091,2.30069455109,156.539914454,1.91272512684,0.255103230476,1.53507992346,0.999393327162,7.23125724518,2,0.00675313789251,0.993246862107
194,?,48.8474825169,1.64134548767,3.49067073804,124.143785281,255.94842344,1.44568655919,0.687054913491,175.068371467,0.274703308474,0.78488123673,1.52592007141,2.22292379546,3.84878328233,2,1.27681687445e-09,0.999999998723
195,2,55.0525125707,0.455307380762,2.72337794118,135.053918136,250.806604953,0.161506292643,2.56838783482,161.508096335,0.0531339421868,2.05529941581,2.20355889364,0.441850751173,3.74671162385,2,7.4889374968e-07,0.999999251106
196,2,58.3596684211,0.565453370102,4.90916626458,100.561557642,248.265344865,0.649335195543,2.46351519809,122.004530048,0.272827726789,1.89376019477,2.01524483878,0.285810110392,3.71309008705,2,0.343241884609,0.656758115391
197,2,54.4091475569,0.014931001002,3.2471609558,110.829114652,214.829679557,0.224864570191,0.7331310031,158.441932013,0.905522532994,2.00576100023,2.74626035453,0.528945663478,3.23823970906,2,3.09943848364e-10,0.99999999969
198,?,69.7501053649,0.870878527407,1.30879118526,140.8087728,239.012856026,0.946644357173,0.0528222895227,151.697702744,0.486737502739,2.02800175101,1.77391169081,2.60637271521,3.99611818185,2,0.000129347007376,0.999870652993
199,1,77.6359362393,1.27100019203,4.00645987457,125.631382308,304.914715431,0.380438788095,2.71325898287,162.373004121,1.50777757657,0.089429426007,1.65020357049,3.98583855783,3.19691754156,2,0.00692804435602,0.993071955644
200,?,68.8518371936,1.16161373374,3.87771351403,118.738529104,277.881570914,0.165127134649,0.175868424121,151.754772891,0.183019176591,1.91309304605,1.3871737076,1.24334982783,7.53644301044,2,0.00756087271338,0.992439127287
201,1,58.479804239,1.86382609629,4.64816880831,125.432237756,300.701972051,0.788372384617,2.99169463944,171.876309994,0.604153117863,0.281081171473,1.36772261397,2.84806118463,7.36488757376,2,0.00025497001534,0.999745029985
202,?,60.3444353577,1.74866211158,4.19914065418,125.558499499,258.986226549,0.901424455689,2.97442572238,141.275796267,1.59896606719,3.53156356742,2.24575402611,1.10560232005,7.68629267905,1,0.55413638309,0.44586361691
203,1,51.6796952782,1.97824180941,4.52731876099,140.90468577,299.5993266,0.934213642497,0.294732870767,173.242136554,1.99579278962,1.71598213762,1.91752347117,0.221423903713,7.86633485812,2,0.000277024205958,0.999722975794
204,1,55.5566218412,1.43428909127,4.94684388209,160.771700025,289.997936426,0.32990199863,2.57022355474,145.731173412,1.30397742963,1.7325290136,2.79622017802,1.30410333467,7.32954835612,1,0.999718336368,0.00028166363235
205,2,52.2147633985,1.3498633143,1.03885528306,152.609116714,298.710659906,1.4137768792,0.719238581136,178.5239429,0.321121815592,1.24888087581,2.94747696584,0.0743992978241,7.64198628394,2,2.4685200649e-05,0.999975314799
206,2,60.866855988,0.540863298578,3.95100632589,102.491273149,318.538129307,0.433023916557,0.436850934988,160.081829756,0.507834400749,0.428233332001,1.70655945176,1.29651660984,3.87039733655,2,0.000221938358424,0.999778061642
207,?,58.059875625,1.49964689719,3.16287475778,105.925539035,240.422258809,0.349829049548,2.3299761836,154.601021102,1.99069595709,1.06401969343,2.37481796322,0.814522242406,7.2748161077,2,1.62296150397e-06,0.999998377038
208,1,64.7645011579,1.97564209346,3.59463881003,125.808405848,309.12213242,0.0505487481132,0.662444293499,131.770380474,1.90545522515,2.21860437696,2.42797105573,0.301190258004,7.45994852344,1,0.999980125322,1.98746780514e-05
209,2,37.5004149107,1.15225585923,3.34902395983,130.960555662,250.989975353,0.220444089733,0.971288085217,187.974261226,0.55347540183,3.71769020124,3.46951777721,0.362028125208,3.25432295352,2,2.20690132835e-12,0.999999999998
210,?,59.8898838374,1.09425822459,1.78339670831,170.836900383,288.883446109,0.778027220396,2.66417644685,159.818801738,0.16596350004,0.579528680816,2.46474811435,0.368889637291,7.68496363424,1,0.613983265379,0.386016734621
211,2,51.1079756776,1.95881190686,3.10212940373,125.768550278,245.940879493,1.24897751492,2.7164235895,166.853210491,0.810833365424,2.65770734367,2.20341541781,0.471342035569,3.42347014509,2,1.00475022746e-08,0.999999989952
212,2,43.2933099933,0.178993491922,3.80432165437,122.794227272,213.213707175,0.880745503819,0.666908184066,165.59188266,0.229340761201,0.407283294993,2.46793685784,0.193648662651,3.41565334727,2,2.56479282257e-11,0.999999999974
213,1,58.9576469753,1.64490657649,4.3730362861,128.011479046,216.721152254,0.150335347978,2.56927443645,131.105271465,1.7484817307,2.81824126169,2.12752949586,3.50946663716,7.08501163451,1,0.747482432344,0.252517567656
214,?,29.1878793475,1.32779782871,2.55344579625,130.507871301,204.711344255,0.637559629977,2.28066551615,202.686960566,0.613858227152,0.600944743026,1.92750056274,0.368279915769,3.72186164721,2,0.0,1.0
215,?,41.5344915725,0.183897638228,2.72735312022,130.226266354,204.401789022,0.798353106249,2.45080798538,172.767694328,0.995368985925,1.73380217594,1.66627101833,0.669229039922,3.81437527481,2,1.76214598469e-12,0.999999999998
216,?,63.8507791269,0.233945783693,3.41396403569,135.14699891,252.722346689,0.795044980478,2.97535847826,172.700402852,0.753260301193,0.188098586863,1.02860564482,0.36486529978,3.68458492379,2,2.23459961646e-09,0.999999997765
217,?,51.7815054245,1.33539496874,3.42956315936,94.5985131147,227.241442203,0.0254186752718,0.696931052255,154.777728983,1.09717890783,0.566835356178,1.25790965604,1.21373384167,7.00329155917,2,1.47986713994e-08,0.999999985201
218,2,54.4257910252,1.29607094941,3.16856737528,120.12892393,258.673721964,0.248241673689,2.28067829926,147.644663508,0.675241412129,1.19874350154,2.42679723399,0.92282972578,7.42117932555,2,0.00551229029593,0.994487709704
219,2,44.9312838712,1.74057122786,2.53416470997,120.24735044,220.409998263,0.560330213048,0.793648936087,170.142397044,0.536750755273,0.938624668866,1.89616006147,0.224837539718,3.4332794717,2,6.27675689202e-12,0.999999999994
220,?,54.9040035079,1.3848336502,4.26083864272,110.939408817,239.769539395,0.0567864514887,0.919142745435,126.301637278,1.46181456698,3.25797451283,2.59669291833,1.23676915141,7.28510552156,1,0.870603737331,0.129396262669
221,1,65.7562294877,1.83150225133,4.94352377602,135.26488209,254.256399014,0.89832151914,2.69032702129,127.630416385,0.0642864573747,3.03660376645,2.38981850864,1.48333627614,7.55352187296,1,0.999522480154,0.000477519846222
222,?,57.1862373634,1.57348865271,3.52127672546,150.592470729,168.877890553,0.751135867555,0.228866288904,174.830472799,0.759305662708,2.05163027383,1.73884559586,0.155691402964,3.09780738619,2,4.95159468983e-14,1.0
223,?,63.5736223042,1.8177037139,4.81808816269,130.046308137,330.509581422,1.05927474354,2.64133367245,132.75711255,1.73058224539,2.26008374682,1.3707042078,3.62282849639,7.14017343032,1,0.999999953148,4.68523946632e-08
224,2,35.6332620382,0.924578566104,4.35672020819,138.271455168,183.854217624,0.433323355857,0.460889313137,182.046261353,0.73210389493,2.01363802175,1.15411590342,0.664228415582,3.10318023479,2,2.6645352591e-15,1.0
225,2,41.9048192187,1.58802065719,2.94210481155,135.756457046,203.601818647,0.268147287425,0.558987874072,132.337427422,0.580772926798,0.0222062743269,2.0644419766,0.277335296618,6.30510641146,2,0.0046562869167,0.995343713083
226,1,62.3069479107,0.603859051596,3.88170343405,130.433206887,263.457319808,0.460920494515,0.681357403984,97.9729646638,0.930496195564,1.49585729307,2.24638413405,1.89823547541,7.33933902089,1,0.999999999632,3.67550638205e-10
227,1,43.2330837839,0.932424676139,4.68197693443,132.191047383,341.756764821,1.60537420074,2.39072743524,136.395885687,1.44532200391,3.15416141297,2.41765455296,0.809618961299,7.04455193644,1,0.999999532975,4.67025125445e-07
228,2,58.6899846939,0.740334757138,1.25425250921,150.247864418,283.07758124,1.8859179935,2.17581669358,162.442403653,0.827331476146,1.43196268822,1.88489701855,0.911559982924,3.86151691154,2,0.000460846597811,0.999539153402
229,2,52.2083564922,1.97720305086,1.57323501119,118.323625297,186.049508399,0.209807397099,2.11865443829,190.674129594,0.370673385682,0.893941688584,2.7613808813,0.0680241219234,6.72248193785,2,0.0,1.0
230,1,61.6677108731,0.256255704444,4.18110871664,145.895887129,307.77492894,0.535418651998,2.39513302781,146.370184032,1.57548282295,1.23552428628,2.89958137227,0.833240089007,7.29182216618,1,0.999077429781,0.000922570219468
231,?,39.982541952,1.36418987275,4.89518134319,118.445732921,219.327331108,0.75811231765,0.651624684222,140.682956066,0.817629256984,1.22669456345,2.28785351152,0.940631732577,7.29155492363,2,0.000414727529427,0.999585272471
232,2,45.7143799663,1.22482056287,4.64810824022,115.310412474,260.988974077,0.428675405448,2.64265628089,185.426977064,0.976032180944,0.311683019157,1.61568475561,0.0749012120068,3.2675508582,2,9.94759830064e-13,0.999999999999
233,1,52.7063097106,1.95047845202,4.87948564254,128.846535877,255.107695117,0.857011568034,0.491243926808,161.329038051,1.11395881232,0.385475334013,1.83441162645,1.1569975419,7.31537502585,2,2.01174831901e-05,0.999979882517
234,?,62.8581770286,1.19741403917,3.95180408121,130.160325014,231.685223811,0.608650794486,0.15336213191,146.602491772,0.314917010721,2.08312894213,2.13579180022,3.01986487629,7.59253694629,2,0.00510476013101,0.994895239869
235,1,62.8332035153,0.916349604493,4.91865009675,160.907826569,164.728531135,0.747252521338,2.34846230061,145.096501243,0.724021528848,6.88038692023,3.05613098037,3.46647939342,7.92993311537,2,0.00127130488044,0.99872869512
236,?,53.2595937788,0.846784617752,4.88509134483,138.823047476,234.838777998,0.493119976716,2.63234103634,160.727559958,0.213328080252,0.963381062495,1.21357374033,0.283523709979,3.56444785139,2,1.62871091391e-07,0.999999837129
237,1,43.5975667343,1.97347773775,4.54296153877,120.000122851,177.210587066,0.444881321862,2.9771926885,120.20360939,1.59852806735,3.34161849762,2.3437975673,0.262121477397,7.33242317941,2,0.0407892410753,0.959210758925
238,?,47.3652695138,1.76647394546,3.51862540143,138.892498388,257.404224704,0.474732900737,2.71825524373,156.89039293,0.106499859365,0.964272719342,1.64522786275,0.508482722333,3.28316862858,2,2.94058568364e-05,0.999970594143
239,?,52.7200376655,1.69222162408,2.49253317993,120.924565092,325.263640728,0.483055201359,0.585603363812,172.860929542,0.648926640395,0.862281659665,1.22793215257,0.2617263461,3.79517981037,2,7.72220609768e-06,0.999992277794
240,1,68.6778752941,1.77038352424,3.32161464076,180.325264685,274.715660738,1.60147696384,2.46937102824,150.65784597,1.03881718661,2.3422389912,2.13957827725,0.273436429445,7.19587403536,1,0.991976951279,0.00802304872117
241,2,39.8683677295,1.15380688594,3.80485551013,140.570798763,321.861327628,0.987328053452,2.09450511262,182.287614362,0.350091475062,0.238071938744,1.29725695448,0.439752384555,3.1806952355,2,1.10705701351e-06,0.999998892943
242,2,53.0059419647,0.875406761654,4.95513651008,130.252331192,264.600849362,0.552287760423,2.40395328891,143.473305596,0.143571982626,0.749386498798,2.06053989683,0.476168011082,3.68457058119,2,0.0216370361091,0.978362963891
243,?,62.8127802904,0.149422150804,4.52034033136,140.465373946,268.153011734,0.956688708626,2.11501541571,160.246789508,0.78587117116,3.60062854425,3.62353983475,2.27552483673,3.39114849805,2,0.000630501192181,0.999369498808
244,2,51.0053917791,0.953458630713,3.6232633281,140.281842344,308.116181783,0.18629060965,2.6364450613,142.412841548,0.00673160748556,2.42339129606,1.87866037199,1.50609678798,3.09868212068,1,0.994097847394,0.00590215260631
245,?,60.922191001,1.86456648796,4.30716356891,130.400094468,253.626817835,0.469038904645,0.760682480177,144.33551117,1.79803296365,2.36758011659,1.15004277416,1.29609519965,7.78179589869,2,0.1313372454,0.8686627546
246,1,65.3743987957,1.61657961202,4.90805234015,110.688538333,248.98215189,0.861019037897,2.45907262969,158.492242725,0.327097103465,1.1871776198,1.46928163804,2.02377256146,6.64885970578,2,2.38699988342e-06,0.999997613
247,2,65.6537801018,0.649864340201,3.63803581102,155.54869962,269.472135026,0.839134002803,0.624700151617,148.588701332,0.953904522816,1.10890296376,1.14806532045,0.194756363286,3.45126481121,2,0.0572566019618,0.942743398038
248,?,60.2879941238,1.02229789365,3.62729284004,140.87149385,185.901787692,0.263647741405,2.6992611913,155.792186169,0.177623917349,3.18555255583,2.82852144912,0.961622168543,3.57099729939,2,8.81538630981e-09,0.999999991185
249,?,60.2184903868,1.96113526938,4.00879600015,145.390612893,282.231587625,0.934249884449,2.33640220808,142.429247807,1.26797640091,3.10434194417,2.628235718,2.12319305167,7.93196781422,1,0.99927384724,0.000726152760026
250,?,54.619993818,1.38617273932,4.23960492574,120.274793267,188.243718938,0.232594646048,0.540670796065,113.413480618,0.869843962137,1.51972051533,2.33613990899,1.39681991655,7.00225172634,1,0.795959041741,0.204040958259
251,2,44.3750692115,1.17396868672,2.00535131036,130.928155445,219.926083662,0.237896751612,2.87567738164,188.314121807,0.785282878438,0.457494234666,1.07001028955,0.12181318528,3.92566955485,2,5.10702591328e-15,1.0
252,?,44.26642513,1.36702348711,4.13820305141,112.106973944,290.634018142,0.318985378603,2.60010216525,153.289735781,0.656706409296,0.656743032159,1.40464319335,1.8565314007,3.01790275867,2,0.000830661021987,0.999169338978
253,2,51.7725711695,1.65911725955,3.05664793495,110.058577375,175.650164649,0.547346543521,0.350662781158,123.092453122,0.640930772759,0.931270101247,1.16110067093,0.208609339315,3.02288618451,2,7.6817099729e-06,0.99999231829
254,?,59.6553379714,1.87994182087,3.4977824341,150.121902123,212.67143639,1.40439230623,0.287292300258,157.806154093,0.167577841552,2.15544196791,1.63920010696,0.991385190049,3.88882828737,2,2.97055803178e-07,0.999999702944
255,2,71.8833159597,0.947156731272,2.00714460365,160.099515734,302.623503432,0.342649609083,0.127633057302,162.307992785,0.961976650869,1.14400262092,1.22752877814,2.18508474482,3.94265375752,2,0.115516174365,0.884483825635
256,2,61.0290322469,1.85695040831,3.20865610149,150.983413742,243.036304282,1.1158007402,0.0793416525703,137.515343775,1.2442098828,1.19046595157,2.55191207095,0.202389149461,3.38290907186,2,0.214824397705,0.785175602295
257,?,55.4229205842,1.90393465781,4.08909293008,132.190680765,353.192890612,0.576367098838,0.61140371277,132.024039622,1.34384333133,1.88941912404,2.54479746264,1.18799345195,7.03629892529,1,0.99999999056,9.44007314112e-09
258,1,64.2944471671,1.28001754661,3.23517459119,140.953687173,335.146935076,0.0627055813093,0.158981408924,158.790755657,0.187536709942,0.898749439744,1.51535790204,0.938623194816,3.97811302962,1,0.634407565766,0.365592434234
259,?,43.6733318702,1.72738644062,4.2937124474,150.391456281,247.212910278,0.653568525566,0.926351337228,171.226986074,0.420977619244,2.43244924676,1.95978338411,0.698143215384,3.77361143427,2,1.03999215795e-07,0.999999896001
260,2,58.9425193632,0.721851224778,3.648478569,120.827601891,340.856766414,0.610170090105,0.126543289516,172.659134175,0.905888275709,0.0650187109131,1.47450693697,0.717648303369,3.48064366914,2,9.54329886458e-05,0.999904567011
261,?,60.7250936532,1.90802956698,4.18830934446,130.213629012,206.974042135,0.939991420601,2.36175665841,132.608282078,1.69013603823,2.99708684497,2.51236457191,2.90262102452,7.79899339471,2,0.325451670416,0.674548329584
262,?,58.1479034093,1.41223406442,2.36194799468,120.122345788,284.057714539,0.365913056536,2.845326629,160.008634902,0.97543963301,2.77018292057,2.98816118925,0.790215089219,3.30198237346,2,4.37470331507e-05,0.999956252967
263,2,49.0630489553,1.62795991753,2.59415136976,130.44070003,266.156567854,0.602851717034,0.0422369088046,171.262726176,0.176861002343,1.35506806537,1.17353122798,0.272345571546,3.86152303033,2,1.28059006732e-08,0.999999987194
264,1,48.7346213327,1.32799733407,2.84155437769,110.499491045,229.755056291,0.739356232574,0.205088602612,168.642470097,0.0631734989583,1.86155581195,3.00976662617,0.618711019168,7.17694946309,2,3.10563130768e-10,0.999999999689
265,2,52.4759686468,1.50221526134,3.96735291998,172.711362755,199.775054657,1.41215307987,0.83170317742,162.298165675,0.618615355575,1.11737285601,1.5884057472,0.130120266462,7.51074652188,2,1.26924054955e-06,0.999998730759
266,?,44.4500975779,1.8071505588,2.2910445754,120.573015131,263.390842315,0.973010746064,0.940080479486,173.92033585,0.721280523809,0.70649764617,1.9454143974,0.870864845114,7.84165313537,2,2.16825839505e-08,0.999999978317
267,?,56.2714174332,0.793447212549,2.56257132767,140.222030987,294.100536584,0.627994323848,2.48200869095,153.991498671,0.0202273980249,1.90977819934,2.91173953423,0.881704865023,3.77894913428,2,0.0625937624025,0.937406237597
268,?,57.3359329712,1.90969186276,4.56695725303,140.274647991,192.499434203,0.152911402751,0.00642779376358,148.230761912,0.354236094514,0.56527508595,2.84848450706,0.486323684221,6.60576638044,2,3.19705301544e-06,0.999996802947
269,?,67.3267930027,1.79969844897,4.94430393586,160.480003751,286.472509747,0.905371154658,2.5326694611,108.364373201,1.59465327393,1.8741810862,2.85147163505,3.20391113078,3.89380850154,1,0.999999999987,1.33187479673e-11
